id	Kanji	JLPT-test	"Name of Radical"	"Translation of On"	"Translation of Kun"
6	悪	4	"Kokoro, Risshinben, Shitagokoro"	"evil, wrong, vice, wickedness, lawlessness"	"bad, evil, wrong; immoral; malicious; blamable; injurious; detrimental, malignant; be indisposed; inferior; homely; poor (memory); inclement; unlucy; out of order; unsavory"
12	安	4	Ukanmuri	"be rested, feel at ease, be relieved, repose"	"cheap, inexpensive; peaceful, quiet; gossipy, thoughtless"
15	以	4	"Hito, Ninben, Hitoyane"	"with, by, by means of; because; in view of"	-
19	医	4	Kakushigamae	"medicine, the healing art; doctor"	-
33	意	4	"Kokoro, Risshinben, Shitagokoro"	"mind, heart; care; liking, taste; inclination, will, intention; thought, idea; desire"	-
41	一	5	Ichi	"one, a"	"one, a unit; the same; just; once"
51	員	4	"Kuchi, Kuchihen"	"member; number; the one in charge"	-
52	院	4	Kozatohen	"mansion; temple; palace; hospital; school; institution; congress; ex-emperor"	-
55	飲	4	"Shoku, Shokuhen"	"drinking; feast"	"drink, taste, take; swallow, devour; smoke; conceal (a weapon); accept (an idea); despise"
58	右	5	"Kuchi, Kuchihen"	"right, right hand"	"right, right hand"
61	雨	5	"Ame, Amekanmuri"	"rain, fainfall"	"rain, rainfall"
66	運	4	Shinnyoo	"destiny, fate, lot, fortune, luck"	"transport, carry; progress, advance"
70	英	4	Kusakanmuri	"England, Britain; gifted person; wit"	-
71	映	4	"Nichi, Nichihen"	"reflecting; projection"	"shine, be brilliant; look attractive; be reflected; match, harmonize, be becoming; be taken (a photo); copy, transcribe, duplicate, reproduce, trace; describe, picture, photograph"
82	駅	4	"Uma, Umahen"	"post town; stage; station"	-
87	円	5	Doogamae	"circle; yen"	"round, circular, spherical"
119	屋	4	Shikabane	"house, roof"	"shop, store; seller, dealer; business"
127	音	4	Oto	"sound; noise; pronunciation; tone"	"sound, noise, roar; fame; tone, note, voice, chirping"
131	下	5	Ichi	"low class; inferiority; second, or last volume"	"come down, go down; get down, descend; be given; be less than; have diarrhea; retire; leave the capital; give, confer; oblige, favor with; let down, lower; issue (orders); hand down (decisions); have diarrhea; lay (hands) on; step down; get off; swoop down; land; take down, pull down, lift down, drop; launch; let off (passengers); wear (for the first time); cause (abortion); grate; invoke; exercise; borrow (in subtraction); lock; hang down, dangle; fall; abate; wane; stand back; go behind; be granted; hang; wear (a decoration); reduce (rank); move back; let go, dismiss; remove; grant; draw (money), withdraw; lower part, bottom, base, foot; downstairs; subordinate place; below average; part payment; under, lower; sub-, subordinate; preliminary; the foot; lower stream; latter; lower part of the body; the masses, the servants; the governed; vicinity"
133	火	5	"Hi, Hihen, Renga"	"fire, Tuesday"	"fire, flame, blaze"
137	何	5	"Hito, Ninben, Hitoyane"	what	what
138	花	4	Kusakanmuri	flower	"flower, blossom; cherry blossoms; essence, spirit, pride; pearl; youth; best days; beautiful woman, flower arrangement; flower-card game"
146	夏	4	Suinyoo	summer	summer
147	家	4	Ukanmuri	house	"house, home, residence; housing; family, household; family name; fortune; shop, store, seller; dealer"
159	歌	4	Akubi	"sing, recite, chant, carol"	"sing, recite, chant, carol; poem, tanka, ballad, poetry; singing"
167	画	4	"Ta, Tahen"	"picture, drawing, painting, sketch; stroke (in a character)"	-
175	会	4	"Hito, Ninben, Hitoyane"	"Buddhist ceremony; understanding; meeting, assembly; party; association, club"	"meet, interview"
182	海	4	"Mizu, Sanzui, Shitamizu"	"sea, ocean"	"sea, ocean"
183	界	4	"Ta, Tahen"	"circle, world, boundary, limits"	-
187	開	4	Mongamae	opening	"open, unfold, unroll, uncover, unpack, untie, unseal; establish; clear (land); pioneer; clear the way; convene; enlighten ( a country); bloom; differ, have a margin; widen (the space between); become civilized, become modernized; become sensible; be opened to traffic; feel relief; be open; grow, develop (a town); start, commence; become vacant, become empty, be disengaged, be free; empty, vacate; leave (a space); clear (the table); make (a hole); reserve (a seat), stay away from; dawn; end, expire, be over; begin"
197	外	5	Yuube	"outside, without, beside, beyond the scope off"	"outside, exterior, open air; some other place; outside; the rest; take off, remove, unfasten, undo, detach, disconnect, put out off gear; miss, fail; avoid, evade, dodge; be off, come off, be or get out of place, be out of gear, run off the track, slip out or off, be dislocated, be disconnected, be off the hook (a phone), be unbuttoned, be unzipped"
226	学	5	"Ko, Kohen"	"learning, study, science, scholarship, erudition"	"learn, study"
228	楽	4	"Ki, Kihen"	"music; comfort, ease, relief; pleasure; concluding program"	"enjoy; amuse oneself; anticipate; merry, pleasant, cheerful, joyful"
270	間	5	Mongamae	"interval; space; between; among; discord; favorable opportunity; six feet"	"space, interval, gap; between, among; midway; on the way; distance; time, period; relationship; room; pause; rest (in music); a while; leisure; luck; timing, harmony"
276	漢	4	"Mizu, Sanzui, Shitamizu"	"Han (Dynasty); (old name for China), masculine suffix"	-
285	館	4	"Shoku, Shokuhen"	"mansion, large building, hall"	"mansion; temporary residence"
305	気	5	Kigamae	"spirit, mind, soul, heart; intention; bent, interest; mood, feeling; temper, disposition, nature; care, attention; air, atmosphere; flavor; odor; energy, essence; indications, symptoms; taste; touch, dash, shade, trace; spark, flash; suspicion"	-
317	起	4	"Hashiru, Soonyoo"	"get up, rise, awake; occur; (a fire) is kindled "	"get up, rise, awake; occur; (a fire) is kindled; raise up, set up, pick up (someone); open, begin; promote, organize; generate; get sick; awaken; establish; plow; kindle (a fire); happen; break out; originate in; rise, flourish, spring up; be produced; have an attack of"
320	帰	4	"Haba, Kinben"	"return; take one's leave; come again; come around (time)"	"return; take one's leave; come again; come around (time); send (someone) back"
359	九	5	"Otsu, Otsunyoo"	nine	nine
365	休	5	"Hito, Ninben, Hitoyane"	"rest; take a day off; be absent; retire, sleep"	"rest; take a day off; be absent; retire, sleep; rest (oneself); let idle; suspend; have (someone) rest; set at ease, give relief to; fallow (land); be rested, feel at ease, repose, be relieved"
370	究	4	"Ana, Anakanmuri"	"investigate thoroly, master; carry to extremes"	"investigate thoroly, master; carry to extremes"
372	急	4	"Kokoro, Risshinben, Shitagokoro"	"emergency; suddenness; danger; haste; steep"	"hurry, hasten"
381	牛	4	"Ushi, Ushihen"	"beef, cow"	"cattle, cow, bull, ox"
382	去	4	Mu	"leave, move away, quit; pass, elapse, be gone, be over; be distant from; remove, eliminate, get rid of; divorce"	"leave, move away, quit; pass, elapse, be gone, be over; be distant from; remove, eliminate, get rid of; divorce"
391	魚	4	"Uo, Uohen"	fish	fish
398	京	4	Nabebuta	"ten quadrillion; captital, metropolis; Kyoto"	-
410	強	4	"Yumi, Yumihen"	"strength, might; strong person"	"strong, powerful, mighty, robust, vigorous, healthy; brave, courageous; severe, intense; durable, solid; get strong; strengthen, intensify, invigorate; confirm; emphasize, increase, redouble; force, coerce, constrain, compel"
411	教	4	Nobun	faith	"teach, give lessons; inform; coach; learn, be taught, take lessons in"
422	業	4	"Ki, Kihen"	"vocation, occupation, business, trade, profession; industry; undertaking; studies; arts; conduct, act; service; achievement"	"deed, act, work, art, trick, performance"
431	近	4	Shinnyoo	"early, immediate; near, short (road), close by; akin to; nearby, bordering on, verge of, tantamount to; intimate, friendly"	"early, immediate; near, short (road), close by; akin to; nearby, bordering on, verge of, tantamount to; intimate, friendly"
432	金	5	"Kane, Kanehen"	"gold; money; Friday"	"money, metal"
444	銀	4	"Kane, Kanehen"	silver	-
452	空	4	"Ana, Anakanmuri"	"air, sky; emptiness; vanity, unreality; hollow; void"	"become empty, be less crowded; empty; sky, heavens, air, weather, memory, absent-mindedness"
469	兄	4	Hitoashi	"brother; you; elder brother"	"elder brother"
478	計	4	"Gon, Gonben"	"plan, scheme, trick; total; meter, gauge "	"measure, gauge, weigh; fathom, sound; compute, estimate; manage, arrange, dispose of, see about, talk over"
513	月	5	"Tsuki, Tsukihen"	"moon; month; Monday; month (of the year)"	"moon; month"
514	犬	4	"Inu, Kemonohen"	dog	"dog, spy"
516	見	5	Miru	"hopes, chances; ideas, opinion"	"see, look at, witness, observe; regard as; sightsee; look through; examine; consult (a lexicon); tell (one’s future); estimate; care for; try, test; be seen, be visible, be in sight; look like, seem, appear; come, show up; be found"
519	建	4	Ennyoo	"build, raise"	"stand, rise; rouse oneself; be built, be established; go up (smoke); burn out; depart; take flight; run high (waves); stick into; be worked out; be maintained; save (face); establish oneself, begin life; spread (rumors); shut (door); be active; open (markets); be excited; come (seasons); makes (a total of thirty); stand something up, set up, raise; put up; set on edge; prick up (one’s ears); build, erect; close (a door); establish; institute, enact; lay (plans); map out; set forth, lay down (a proposition); formulate; render (services), perform; look up to, respect; be loyal to; do justice to; circulate (rumors); have (an aim); establish (oneself), make (a success); support (oneself), make (an oath); sharpen, set (a saw); put up (a candidate); make (tea); save (face)"
520	研	4	"Ishi, Ishihen"	"sharpen, grind, scour, hone, polish; wash (rice)"	"sharpen, grind, scour, hone, polish; wash (rice)"
543	験	4	"Uma, Umahen"	"effect; testing. beneficial effect (of austerities)"	-
545	元	4	Hitoashi	"yuan; origin; New Year’s Day; first year of an era. Gen Mongol (dynasty)"	"beginning, origin; foundation, basis, source; cause; root (of a tree); (raw) material, base; capital; principal; cost; forebears; formerly"
548	言	4	"Gon, Gonben"	"word; phrase; speech; statement"	"say, tell, talk, speak, declare; call, term, name.word"
559	古	4	"Kuchi, Kuchihen"	old	"old, aged, ancient, antiquated; stale, threadbare; outmoded, obsolete article  "
576	五	5	Ni	five	"five; five years old"
578	午	5	Juu	"11 a.m.-1 p.m.; 7th zodiac sign"	-
580	後	5	Gyooninben	"back, rear, behind"	"after, since then; future; after one's death. back, rear, behind. results; remainder, sequel; posterity; successor; survivor; effect, influence; estate. be late, be delayed, be overdue; lag behind; (clocks) lose"
584	語	5	"Gon, Gonben"	"word, speech, language, term"	"talk, tell, narrate, recite. chat; pledge one's troth; invite, entice; win; conspire with"
587	口	4	"Kuchi, Kuchihen"	mouth	"mouth, lips; speech, words; one's taste, stopper, plug; nozzle, orifice, slit, aperture; door, gate, entrance; route, ascent; employment, job; call (for a doctor); share; kind, lot, brand; beginning; rumor, opening (of a boil)"
588	工	4	"E, Takumihen"	"artisan, mechanic; manufacture; work"	-
594	広	4	Madare	"spread out, extend, reach to"	"spread out, extend, reach to. expand, enlarge, widen; unfurl; open (arms of a package), stretch, spread. be diffused, prevail, be propagated, prevade, be circulated, become popular. enlargel; disseminate; popularize; advertise, introduce, announcement, advertisement. wide, broad, extensive, spacious"
602	考	4	Oikanmuri	"thought, consideration; research, treatise "	"think, consider, believe, suspect; be of the opinion; intend; expect, hope, fear; judge, conclude; imagine, suppose; regard as; be discreet; ponder over; reconsider; be prepared for; invent "
603	行	5	Gyoogamae	"party, suite; journey; expedition; line, row. religious austerities. "	"go; run (water). do, act, conduct oneself; carry out; perform, conduct (school); exercise (control); hold (a ceremony) "
623	校	5	"Ki, Kihen"	"school; (printing) proof; comparison; correction; investigation"	-
628	高	5	Takai	high	"high, tall, lofty, raised, elevated, eminent; exalted, noble; loud, stentorian; expensive; widely known. quantity, volume, amount, sum; rise (in prices); fief. rise; swell; be elevated, be promoted; increase. raise, lift, promote, elevate; improve, enhance; ennoble; heighten; boost "
661	国	5	Kunigamae	country	"country, land, realm; province; native land "
662	黒	4	Kuro	"black; dark"	"black; dark, swarthy, browned; dirty"
670	今	5	"Hito, Ninben, Hitoyane"	"now, the present; the coming; this "	"now, present time; just now, soon, immediately; (one) more "
682	左	5	"E, Takumihen"	"left; the following"	"left; the left; leftist"
723	作	4	"Hito, Ninben, Hitoyane"	"a work, a production; tillage; harvest; ridge (in a field) "	"a work, a production; tillage; harvest; ridge (in a field) "
744	三	5	Ichi	three	three
745	山	5	"Yama, Yamahen"	"mount, mountain"	"mountain, hill, height, knoll; heap, pile; crown (of a hat); seam (of an obi); speculation, adventure; climax, acme, crisis; forest; mine "
760	子	5	"Ko, Kohen"	"viscount, master; child; male; fruit; seed. offspring; the young (of animals) "	"child, offspring; the young (of animals) "
762	止	4	Tomeru	"stop, halt, stand still, pull up; cease, be interrupted, be discontinued; be choked; alight on, perch, roost; be held in position"	"stop, halt, stand still, pull up; cease, be interrupted, be discontinued; be choked; alight on, perch, roost; be held in position. check; allay (pain); fasten; turn off; detain; forbid to do; dissuade "
764	仕	4	"Hito, Ninben, Hitoyane"	"official; civil service"	"serve, work for"
767	四	5	Kunigamae	four	four
771	死	4	Kabanehen	death	die
776	私	4	"Nogi, Nogihen"	"I; private affairs"	"I, myself, private (affairs)"
777	使	4	"Hito, Ninben, Hitoyane"	"use; messenger"	"use; handle, manipulate; employ; need, want; spend, consume; speak (English); practice (fencing); take (one's lunch); circulate (bad money)"
779	始	4	"Onna, Onnahen"	beginning	"begin, start, open; date from; (season) sets in; arise, break out; originate in. begin, open, start, originate, inaugurate, initiate "
780	姉	4	"Onna, Onnahen"	"elder sister"	"elder sister"
785	思	4	"Kokoro, Risshinben, Shitagokoro"	"think, believe, judge, esteem; consider, realize; feel like; regard as; anticipate; imagine, suppose, guess; mistake for; recall; intend; desire; love, care for, yearn after; wonder; suspect "	"think, believe, judge, esteem; consider, realize; feel like; regard as; anticipate; imagine, suppose, guess; mistake for; recall; intend; desire; love, care for, yearn after; wonder; suspect "
790	紙	4	"Ito, Itohen"	paper	paper
797	試	4	"Gon, Gonben"	testing	"try, attempt. experiment, test, sample "
807	字	4	"Ko, Kohen"	"character, letter, word, handwriting"	"section of a village"
810	耳	4	"Mimi, Mimihen"	ear	"ear; edge, border; loop; selvage; bread crusts"
811	自	4	Mizukara	oneself	"oneself, personally"
814	事	4	Haneboo	"thing, matter"	"thing, matter, fact, circumstances, business, reason, experience"
817	持	4	Tehen	"hold, entertain, maintain, observe (principles)"	"hold, take, have, possess; carry; maintain; have charge of; wear, last long; pay; bear (a grudge)"
818	時	5	"Nichi, Nichihen"	"hour, o'clock, time; Buddhist sect originating in the thirteenth century "	"time, hour, moment, occasion; season; opportunity; the times; tense"
829	七	5	Ichi	seven	seven
832	室	4	Ukanmuri	"room, apartment, compartment, chamber"	"greenhouse; (ice) house; cellar"
838	質	4	"Kai, Kaihen"	"substance, matter, quality, temperament. hostage, pawn, pledge, hock "	-
841	写	4	Wakanmuri	"be photographed; be projected (on a screen); (light or shadows) fall on"	"be photographed; be projected (on a screen); (light or shadows) fall on. copy, transcribe, duplicate, reproduce, trace; describe, picture, photograph"
842	社	4	"Shimesu, Shimesuhen"	"Shinto shrine; association; firm, company, office "	"Shinto shrine"
843	車	5	"Kuruma, Kurumahen"	"vehicle, a vehicle load"	"wheel; vehicle, carriage, wagon; cart, wheelbarrow; go-cart; jinricksha; van, automobile"
845	者	4	Oikanmuri	"person; thing"	"person, somebody"
856	借	4	"Hito, Ninben, Hitoyane"	borrowing	"borrow; have a loan; hire, rent "
863	手	4	Te	"hand, arm; help; handwriting; handle, means; trick, snare; skill; kind; direction, side; trouble, care; control, management; possession; connection; injury"	"hand, arm; help; handwriting; handle, means; trick, snare; skill; kind; direction, side; trouble, care; control, management; possession; connection; injury"
864	主	4	Ten	"Lord; lord, master, employer; aim; main thing "	"owner; master, husband; lover; a god; you. main  "
891	秋	4	"Nogi, Nogihen"	autumn	autumn
895	終	4	"Ito, Itohen"	end	"end, terminate, adjourn, be over; die. finish, complete"
897	習	4	Hane	"learn, be taught, take lessons, practice"	"learn, be taught, take lessons, practice"
898	週	4	Shinnyoo	week	-
901	集	4	Furutori	"collection, gathering"	"meet, assemble, congregate; swarm, flock or gather together; be collected, be gathered together; converge. gather, collect; focus (something on) "
907	十	5	Juu	ten	ten
910	住	4	"Hito, Ninben, Hitoyane"	"dwelling, living"	"live, reside, inhabit"
912	重	4	"Sato, Satohen"	"nest of boxes"	"pile up, heap up, add, repeat. be piled; lie on one another. heavy; massive; serious; important; severe; oppressed. double. -fold, ply  "
926	出	5	Ukebako	"born of; appearing from; going out; sending out"	"appear, come out, emerge; haunt, infest; be found, get back; be served (meals); lead to, enter; find (oneself) at; come out (as a result); leave, go out, get out; attend, appear; work (at); participate; launch (into); run (for an office); be published; sell; depart; graduate; break out, originate; be raised, be produced; issue from, be traced to, derive from, stem from; protrude, stick out; exceed; interfere; intrude. put out, take out, pull out, stick out; draw (a gun); stretch out, extend; save (from a fire); expose, bare; exhibit; send, forward, post; publish; hoist (a flag); hang out; present, send in, tender, submit; serve; run (extra trains); produce; pay, contribute; invest; advance (money)"
930	春	4	"Nichi, Nichihen"	spring	"spring, springtime"
946	書	5	Hirabi	"handwriting; letter, note; book"	"write, compose; draw, paint "
952	女	5	"Onna, Onnahen"	"woman, girl, daughter"	"woman, female, sweetheart, girl"
959	小	5	Shoo	"smallness; minor; small. humility prefix, small "	"small, little, diminutive, minute, fine, trivial. short; pretty; petty; nearly. nice"
961	少	4	Shoo	"few; small; young"	"a small quantity, a little; a few; something; a little while; a short distance. few, a little, scarce, insufficient, seldom "
1009	上	5	Ichi	"top; best; first volume. upper part; government. aboard a ship or vehicle; from the standpoint of; as a matter of (fact). governmental; imperial; best; high class; going up; presenting; showing"	"up, upper part, top, summit; surface; far better; higher; (in) authority; as far as…is concerned; besides; after; emperor, sovereign; upon (examination); influence of (liquor); lord, shogun; superior. rise, go up; climb up; advance, appreciate; be offered; accrue; be finished; (expenses) come to; go bankrupt; begin spinning (cocoons); be caught; get ruffled; eat, drink; die; weaken (as a battery); let up (rain). raise, elevate; fly (kites); praise; increase, promote, elevate; vomit; usher in, admit; send (to school); offer; present, leave with; finish; arrange (expenses); observe, perform; quote, mention, give (examples); bear (a child); improve (talents); do up (the hair); arrest; engage; fry; (rains) stop. ascend, climb; go to (the capital); add up to; be promoted; advance (in price); sail up; come up (on the agenda). record; bring up (a matter); serve (food); send some out (from Kyoto). head; upper part; upper stream; emperor; a superior; upper part of the body; the above. upward, outer"
1020	場	4	"Tsuchi, Tsuchihen"	"place, grounds, links, range, course, track, ring"	"place, site; space, seat; scene; occasion, situation"
1029	色	4	Iro	color	"color, tint, tinge; complexion; countenance, look; sensual pleasure; sweetheart; charms; fall colors; embellishment; slight concession; kind"
1031	食	5	"Shoku, Shokuhen"	"food, provisions; eating, meal; appetite"	"eat; subsist on; support oneself; consume; get (a scolding); encroach; bite at, gnaw at; (shoes) pinch; be cheated. drink; receive (a blow)"
1041	心	4	"Kokoro, Risshinben, Shitagokoro"	"heart, mind, spirit; motive, sense (of duty); padding; wick; core; marrow; vitality "	"mind, spirit; mentality; idea, thought; heart, feeling; wholeheartedness, sincerity, sympathy; attention; interest, care; will; intention; taste, mood; true meaning (of a poem) "
1056	真	4	"Me, Mehen"	"truth; reality; genuineness; Buddhist sect originating in the thirteenth century"	"just, right, due (east); pure, genuine, true"
1065	新	4	"Kin, Onozukuri"	"newness, novelty. new, modern, novel, fresh, neo-"	"new, novel, fresh, recent, modern"
1069	親	4	Miru	"intimacy; parents; relative"	"parent; dealer (in card games); banker (in gambling). intimate, familiar, friendly. be intimate with; have a liking for; take habitually"
1070	人	5	"Hito, Ninben, Hitoyane"	"man, person, people"	"man, human being, mankind, person, people; character, personality; true man; man of talent; adult; other people; messenger; visitor"
1080	図	4	Kunigamae	"drawing, plan, figure, cut, chart, diagram, illustration, graph"	"measure, gauge, weigh; fathom, sound; compute, estimate; plan, devise, scheme; counsel with; have in mind; aim at; deceive, impose on"
1081	水	5	"Mizu, Sanzui, Shitamizu"	"water; ice water; Wednesday"	water
1105	世	4	Ichi	"generation; world. age, counter for kings of the same name"	"world, society, public; life, existence, career, life-time; age, era, generation, times; reign"
1106	正	4	Tomeru	"right, righteousness, justice; original; plus, positive; genuine. just; punctual; senior. Regular"	"correct; adjust; reform; redress, straighten; amend. right, righteous, just; honest, truthful, proper, lawful; healthy; moral; straight; straightforward; perfect "
1107	生	5	Umareru	"birth; life, existence, living; subsistence; student "	"grow, spring up; cut (teeth). cultivate, wear (a beard). revive, resuscitate; restore to life; let live, spare a life; make the most of; give life to; stet. keep alive; arrange flowers (in a vase); living. live, subsist, exist; be enlivened; be safe (on first). be born. bear, give birth to, breed, spawn; produce, yield (interest). raw, uncooked, fresh; unripe; half-boiled; rare; hard cash; impertinent, conceited; inexperienced; (beer) on tap; crude (rubber), unprocessed. pure, undiluted, genuine; raw, crude "
1109	西	5	Nishi	west	west
1115	青	4	"Ao, Aohen"	"blue, green; green light"	"blue, green; green light, pale; unripe, green"
1138	夕	4	Yuube	evening	evening
1141	赤	4	Aka	"red, crimson, scarlet"	"red, crimson, scarlet, Communist, Red. become red. blush, redden"
1154	切	4	"Katana, Rittoo"	"cut, chop, hash; carve; saw; clip, shear; slice, strip; fell, cut down; punch; sever (connections); pause, break off; disconnect, turn off; hang up; cross (a street); discount, sell below cost; shake (water) off"	"cut, chop, hash; carve; saw; clip, shear; slice, strip; fell, cut down; punch; sever (connections); pause, break off; disconnect, turn off; hang up; cross (a street); discount, sell below cost; shake (water) off. cut well, be sharp; break, snap; wear out; be injured; burst, collapse; break off, be disconnected; be out of; expire; sever (connections) with; sharp, shrewd; less than "
1166	千	5	Juu	"thousand, many"	"thousand, many"
1167	川	5	Magarigawa	"river, stream, brook"	"river, stream, brook"
1170	先	5	Hitoashi	"the future; priority, precedence"	"point, tip, end; nozzle; head (of a line); the first priority; the future; objective, destination; sequel, remainder; the other party; future "
1197	前	5	"Katana, Rittoo"	before	"front, fore part; head (of a line); presence; ago, before; previously; (five minutes) to "
1219	早	4	"Nichi, Nichihen"	"quick, fast, speedy; brisk, prompt; early; premature"	"quick, fast, speedy; brisk, prompt; early; premature. hasten, precipitate, accelerate, expedite; advance (the date). be hasty, be rash"
1221	走	4	"Hashiru, Soonyoo"	"run, rush, flee; turn to, become; go to excess"	"run, rush, flee; turn to, become; go to excess"
1226	送	4	Shinnyoo	sending	"send, ship; transmit; remit; see off; see home, escort; spend (one's) time, live (a life); add"
1263	足	4	"Ashi, Ashihen"	"foot; leg; counter for pairs of footwear"	"foot; leg; paw; flipper, tentacles, arms; walk, step, pace, speed; footing; draft (of a ship); foot (of a mountain); trace; deficit, shortage. money. be sufficient, suffice; serve, answer, will do (for something); be worth, deserve; be satisfied; qualify. add to, add up; make up for; make good; supply, supplement"
1272	族	4	"Hoo, Hoohen"	"family, relatives, clan, tribe, race"	-
1285	多	4	Yuube	much	"many; copious, abundant; much; frequent"
1295	体	4	"Hito, Ninben, Hitoyane"	"the body; substance, object; reality; style, form; image counter. appearance, air; condition, state"	"body, health"
1297	待	4	Gyooninben	waiting	"wait, wait for; expect, watch for; depend on; treat, deal with"
1307	貸	4	"Kai, Kaihen"	"lend; hire out, rent, lease; give credit to "	"lend; hire out, rent, lease; give credit to "
1312	大	5	Dai	"large, huge, grand; the greater; size; very; inveterate (smoker); severe (damage); success"	"large, great, grand, mighty, immense; severe; heavy. very, much, greatly, exceedingly. heavy (rain); loud (voice); full-size, life-size"
1313	代	4	"Hito, Ninben, Hitoyane"	"period, age, generation; charge, rate, fee, cost, price"	"world, society, public; life, existence, career, lifetime; age, era, generation, times; reign. change, turn, convert, exchange, renew, substitute, replace. relieve. price; substitution"
1314	台	4	"Kuchi, Kuchihen"	"stand, pedestal, rack, table, dais, bench, block; holder, support; mounting, setting"	-
1316	題	4	Oogai	"subject, theme, topic; title, caption, heading; question, problem"	-
1348	男	5	"Ta, Tahen"	"man, male; baron. counter for sons"	"man, male; fellow; adult; manhood; male servant; paramour"
1355	地	4	"Tsuchi, Tsuchihen"	"earth, land, ground, the surface of the earth; soil; place, region; territory; room, space; position; site; foundation. texture, weave, fabric; field (of a flag); disposition; respectability; accompaniment; narrative part; fact"	-
1357	知	4	"Ya, Yahen"	"know, acquaintance, sense"	"know; understand; appreciate recognize; realize; notice, sense, feel; remember; infer, gather; be concerned with"
1373	茶	4	Kusakanmuri	"tea; tea plant; tea leaves, light brown"	-
1374	着	4	Hitsuji	"arrival, finish (in a race); race counter "	"put on, wear. clothe, dress; cover, plate, coat, gild; veneer; blame for, impute a crime to. arrive at, reach, attain to"
1376	中	5	Boo	"center, middle; middle (course); (golden) mean; medium, mediocrity, average; second volume (of three) "	"inside, interior, midst, middle, mean, midway "
1383	注	4	"Mizu, Sanzui, Shitamizu"	"notes, comment; N.B."	"pour into, pour on, irrigate, sprinkle; shed (tears). (rain) falls; flow into; pay attention to, concentrate on "
1384	昼	4	"Nichi, Nichihen"	"daytime, midday"	"daytime, midday, noon"
1396	町	4	"Ta, Tahen"	"town; block; street; 2.45 acres; 119 yards"	"town; quarters; street"
1397	長	5	Nagai	"head, chief, headman, commander, director, manager; merit, forte, advantage; superiority; length "	"long, lengthy"
1405	鳥	4	Tori	bird	"bird, chicken, fowl"
1406	朝	4	"Tsuki, Tsukihen"	"dynasty; reign, regime; period, epoch; the court "	"morning, forenoon"
1430	通	4	Shinnyoo	"pass; expert"	"walk along, pass by; pass through; pass (exams); be knows as; be admissible; come in; be understood; reach; draw (on a piece); drain (as a sink); be consistent. let (someone) pass; pass (something) through; make way for; let in, admit; usher in; cut through; pierce; permeate, penetrate; carry one's point; persist in; look over (a book); keep on doing, continue; pose as; pass (a law); order (a meal). commute; attend (school); ply between; frequent (a place); go (for treatments); circulate; breathe; be charged with "
1440	弟	4	"Yumi, Yumihen"	"younger brother, faithful service to those older; brotherly affection"	"younger brother"
1460	的	4	Shiro	"mark, target; object; the point. adjective ending"	"mark, target; object; the point"
1472	天	5	Dai	"sky, air, heavens, celestial sphere, firmament; heaven, Providence, God, Nature; destiny; weather; top; beginning "	"sky, heaven. Heavenly"
1474	店	4	Madare	"shop, store"	"shop, store, booth"
1478	転	4	"Kuruma, Kurumahen"	"turn, remove, change"	"roll over, tumble; lie down (on the lawn); be convulsed (with laughter). knock down. fall down "
1480	田	4	"Ta, Tahen"	"rice field, paddy field"	"rice field, paddy field"
1483	電	5	"Ame, Amekanmuri"	electricity	-
1493	土	5	"Tsuchi, Tsuchihen"	"earth, ground; Saturday; Turkey"	"earth, soil, ground"
1496	度	4	Madare	"degree; extent, measure, limit; a time; graduation, scale; composure. save, redeem, reclaim "	"time, occasion; repetition "
1499	冬	4	Suinyoo	winter	winter
1504	東	5	"Ki, Kihen"	east	east
1524	答	4	"Take, Takekanmuri"	answer	"answer; respond; solve. solution"
1536	同	4	"Kuchi, Kuchihen"	"the same, the said, ibid"	"same, identical, equal; uniform; equivalent; similar; common (origin); changeless"
1539	動	4	Chikara	"motion; change; confusion"	"move, stir, shift, shake, swing; operate, run, go, work; be touched, be influenced, waver, fluctuate, vary, change, be transferred. set in motion, inspire, rouse, influence; mobilize; deny "
1540	堂	4	"Tsuchi, Tsuchihen"	"temple; shrine; hall; reception room; firm; state chamber. shop, store"	-
1542	道	4	Shinnyoo	"district, province, prefecture; road  "	"road, path, lane, way, street, highway, route; journey; distance; course, way, means; duty, morality, moral doctrine; teachings; specialty; an art; reason, justice "
1549	特	4	"Ushi, Ushihen"	special	-
1556	読	5	"Gon, Gonben"	reading	"read, peruse; understand, read (one's heart), guess, divine "
1574	南	5	Juu	south	south
1577	二	5	Ni	"two, second"	two
1581	肉	4	"Niku, Nikuzuki"	"flesh, muscles; meat; the flesh; seal pad, ink pad; thickness, succulence "	-
1583	日	5	"Nichi, Nichihen"	"day; Sunday"	"sun; time; day, date"
1584	入	5	Iru	"go in, come in; flow into; set; set in "	"go in, come in; flow into; set; set in. put in, take in, bring in, let in, admit, introduce, commit (to prison), usher in; insert; set (jewels); employ; listen to; tolerate, comprehend; include; pay (interest); cast (votes). enter; break into; join; enroll; contain, hold; accommodate; have (an income of) "
1593	年	5	Ichijuu	"year; term of service"	"year; age, time of life"
1622	売	4	Samurai	selling	"sell, deal in, betray, deceive, impose on, tell on, pick (a quarrel). be in demand, enjoy a large sale; be well known "
1628	買	4	"Kai, Kaihen"	buying	"buy, invest in; incur; appreciate; call in (geisha) "
1630	白	5	Shiro	white	"white, fair (skin); gray (hair); blank (paper); spotless; innocent. feigned ignorance "
1647	八	5	Hachi	eight	eight
1649	発	4	Hatsugashira	"departure; discharge (of a gun)"	-
1656	半	5	Juu	"half; odd number; semi-, hemi-, demi-"	"half, semi-, middle, halfway; partly"
1672	飯	4	"Shoku, Shokuhen"	"cooked rice; meal; food"	"cooked rice; meal; food, livelihood"
1716	百	5	Shiro	"hundred; a great number; all"	-
1726	病	4	Yamaidare	"get sick, be sick, suffer from "	"get sick, be sick, suffer from. illness; bad habit; weakness; passion "
1729	品	4	"Kuchi, Kuchihen"	"refinement, dignity; article "	"article, goods, thing; quality; brand; kind, type; ways, conditions; character "
1736	不	4	Fu	"negation; bad; clumsy; ugly"	-
1738	父	5	Chichi	father	father
1764	風	4	Kaze	"wind; air, look, appearance, bearing, mien, deportment; manners, custom; trend, tone, tendency; way, fashion, manner; style, type; disposition, turn of mind; kind; vein; state, condition "	"wind, storm, breeze, draft, current of air; a cold "
1766	服	4	"Tsuki, Tsukihen"	"dress, costume, clothes, garment, suit, uniform"	-
1777	物	4	"Ushi, Ushihen"	"thing, object, matter; somebody, something, success; reason "	"thing, object, matter; somebody, something, success; reason "
1785	分	5	"Katana, Rittoo"	"dividing; part, segment; share; ration; rate; degree; one's lot, one's status; relation; duty; kind, lot. a minute of time; one-sixtieth of a degree; one-tenth of a momme. rate, part, percentage; one percent; thickness; odds; chance of winning; one-tenth of a shaku; one quarter of a ryo "	"understand, comprehend; know, be known, be identified; be open to reason, be sensible; can tell (what will happen); appreciate; be announced; be discovered; recognize. divide, split, separate; isolate; distribute, share; distinguish; spare. share with; distinguish between. branch off, diverge from, fork; split; be divided; part with; be divorced; bid farewell; break up, disperse, scatter "
1786	文	4	Bun	"1/100 of a hyakume; crest; figures. literary text, production, composition; sentence; style; literature, art; the pen; civil affairs; decoration; characters; elegance "	"letter, note"
1787	聞	5	"Mimi, Mimihen"	"hear, listen to; learn of; inquire; follow advice "	"hear, listen to; learn of; inquire; follow advice. be heard; sound, ring, seem; be well known; be reasonable "
1805	別	4	"Katana, Rittoo"	"divide, split, separate; isolate; distribute, share; distinguish; spare "	"branch off, diverge from, fork; split; be divided; part with; be divorced; bid farewell; break up, disperse, scatter "
1816	勉	4	Chikara	"serve, fill a post, serve under; exert oneself, endeavor, work, be diligent; play (the part of) "	-
1817	歩	4	Tomeru	"step, pace; foot soldier. rate, six feet square, tsubo; change of winning. pawn (in Japanese chess) "	"walk, hike, step"
1823	母	5	"Haha, Hahanokan"	"mother; cause; motive"	"mother; cause; motive"
1829	方	4	"Hoo, Hoohen"	"direction, way; side; part; square; way, method, means, scheme, process "	"direction; settlement; person"
1875	北	5	Hi	north	north
1876	木	5	"Ki, Kihen"	"tree, Thursday"	"tree; wood; timber; lumber; wooden clappers"
1886	本	5	"Ki, Kihen"	"book; this, the same, the present, the current; main; true; real; regular, normal; counter for long things "	"beginning, origin; foundation, basis, source; cause; root (of a tree); (raw) material, base; capital; principal; cost; forebears; formerly"
1895	毎	5	"Haha, Hahanokan"	"each, every, at an interval of, whenever. Apiece"	-
1896	妹	4	"Onna, Onnahen"	"younger sister"	"younger sister"
1906	万	5	Ichi	"ten thousand; myriad. fully; if by any chance"	-
1911	味	4	"Kuchi, Kuchihen"	"taste, flavor, dash; touch, tinge; counter for foods and drinks  "	"taste; appreciate, experience. flavor, aroma; zest; experience; tinge "
1926	名	5	"Kuchi, Kuchihen"	"distinguished, noted, wise, name"	"name; fame, reputation; pretext"
1928	明	4	"Nichi, Nichihen"	"clearness, shining; eyesight; discernment. next (week), tomorrow (morning) "	"open; empty, vacate; leave (a space); clear (the table); make (a hole); reserve (a seat), stay away from; dawn; end, expire, be over; open, begin. be opened; start, commence; become vacant, become empty, be disengaged, be free; expire, be over. spend, pass the time; reveal, divulge. light, lamp; vindication. bright, cheerful, sunny; clear, clean; conversant with. plain, distinct, definite, obvious, indisputable, evident. next, following "
1947	目	4	"Me, Mehen"	"item, division, class; order (of plants or animals)"	"eye; look, gaze; notice, attention; viewpoint; discrimination, insight; experience; treatment; care, favor, pity; texture, weave; mesh; grain, square; sight, vision; tooth (of a saw); weight; momme (0.1325 oz.); eye (of a needle) "
1951	問	4	"Kuchi, Kuchihen"	"question, problem, subject, discussion "	"ask, question, inquire; accuse. Inquiry"
1953	夜	4	Yuube	night	"evening, night, nighttime; at night "
1954	野	4	"Sato, Satohen"	"field, plain; the Opposition; civilian life; rustic"	"field, plain"
1971	友	5	Mata	"friend, companion, pal"	"friend, companion, pal"
1972	有	4	"Tsuki, Tsukihen"	"possession. being, existence "	"there is, have, exist; occur; be located, be contained in; (it) measures; happen; be found; be held; consist of "
1992	用	4	Mochiiru	"business, work; function; errand; engagement; use, service; expenses; call of nature. for, used for "	"use, adopt (a method), employ"
1995	洋	4	"Mizu, Sanzui, Shitamizu"	"ocean, sea, channel. foreign, Western, European"	-
2012	曜	4	"Nichi, Nichihen"	"day of the week; light; shining"	-
2022	来	5	"Ki, Kihen"	"come. since (last month); for (ten days). next (year)"	"come, arrive; be due to; next, forthcoming. cause, bring about, produce. come to hand, approach; call on; come on (rain); set in, be due; become, grow, get; come from; be caused by; derive from "
2038	理	4	"Tama, Oo"	"reason, justice, truth, principle"	-
2045	立	4	Tatsu	standing	"stand, rise; rouse oneself; be built, be established; go up (smoke); burn out; depart; take flight; run high (waves); stick into; be worked out; be maintained; save (face); establish oneself, begin life; spread (rumors); shut (door); be active; open (markets); be excited; come (seasons); makes (a total of thirty). stand something up, set up, raise; put up; set on edge; prick up (one's ears); build, erect; close (a door); establish; institute, enact; lay (plans); map out; set forth, lay down (a proposition); formulate; render (services), perform; look up to, respect; be loyal to; do justice to; circulate (rumors); have (an aim); establish (oneself), make (a success); support (oneself); make (an oath); sharpen, set (a saw); put up (a candidate); make (tea); save (face) "
2057	旅	4	"Hoo, Hoohen"	"journey; go around"	journey
2063	料	4	Tomasu	"charge, rate, fee; allowance; materials; measuring"	-
2074	力	4	Chikara	"strain, bear up, exert one's strength; swagger, bluff, boast. strength. power"	"strength, energy, force, might, power; agency; authority, influence; vigor; stress, emphasis; exertions, endeavors; efficacy; help, support, good offices; ability, faculty, capability, attainment; means, resources "
2125	六	5	Hachi	six	six
2130	話	5	"Gon, Gonben"	"talk, speak, converse; tell; explain "	"talk, speak, converse; tell; explain. chat, conversation; story; rumor; news; consultation, negotiations; facts, reasons "
